<?xml version="1.0" encoding="UTF-8" standalone="yes"?>
<addon id="repository.zombie" name="[B][COLOR grey]Zombie Repository[/COLOR][/B]" version="0.1.0" provider-name="Apocalypse">
<extension point="xbmc.addon.repository" name="Zombie Repository">
    <dir>
        <info compressed="false">https://www.mrgsi.com/test/apocalypse/addons.xml</info>
        <checksum>https://www.mrgsi.com/test/apocalypse/addons.xml.md5</checksum>
        <datadir zip="true">https://www.mrgsi.com/test/apocalypse/</datadir>
    </dir>
    <dir>
        <info compressed="false">https://raw.githubusercontent.com/Gujal00/smrzips/master/addons.xml</info>
        <checksum>https://raw.githubusercontent.com/Gujal00/smrzips/master/addons.xml.md5</checksum>
        <datadir zip="true">https://raw.githubusercontent.com/Gujal00/smrzips/master/zips/</datadir>
    </dir>
</extension>
<extension point="xbmc.addon.metadata">
    <platform>all</platform>
    <summary>Where dead add-ons walk again</summary>
    <description>Unofficial add-ons with no developer or support but still function[CR]They are "The Walking Dead" of add-ons!</description>
    <assets>
        <icon>icon.png</icon>
    </assets>
</extension>
</addon>
